Country,Year,PhysicianDensity,NursingMidwiferyDensity,DentistryDensity,PharmaceuticalDensity,LifeExpectancy
Afghanistan,2015,0.302,,0.004,0.053,65
Afghanistan,2014,0.315,0.36,0.004,0.054,59.9
Afghanistan,2013,0.299,,,,59.9
Afghanistan,2012,0.253,,,0.028,59.5
Afghanistan,2011,0.263,,,0.029,59.2
Afghanistan,2010,0.247,,,0.029,58.8
Afghanistan,2009,0.222,0.634,,0.031,58.6
Afghanistan,2008,0.182,0.519,0.014,0.031,58.1
Afghanistan,2007,0.183,0.519,0.012,0.032,57.5
Afghanistan,2006,0.168,0.462,0.013,0.033,57.3
Afghanistan,2005,,0.612,,0.037,57.3
Afghanistan,2001,0.2,,,0.026,55.3
Albania,2013,1.286,,,0.847,77.2
Albania,2012,1.283,,,,76.9
Albania,2011,1.24,,,0.481,76.6
Albania,2010,1.254,,,0.456,76.2
Albania,2006,,,0.339,,74.2
Algeria,2007,1.192,1.924,0.321,0.24,73.8
Algeria,2005,1.021,,0.271,0.183,72.9
Algeria,2002,1.106,2.18,0.299,0.198,71.6
Andorra,2015,3.69,4.442,0.908,1.164,
Andorra,2003,3.263,,0.588,0.909,
Angola,2009,0.144,1.442,,,49.1
Angola,2004,0.067,1.069,0.013,0.053,47.1
Argentina,2013,3.907,4.212,,,76
Argentina,2004,3.166,0.482,0.919,0.504,74.7
Argentina,2001,3.231,0.443,0.959,0.565,74
Armenia,2014,2.803,5.423,0.379,0.05,74.6
Armenia,2013,2.811,5.465,0.406,0.049,74.4
Armenia,2012,2.805,5.557,0.433,0.042,74.4
Armenia,2011,2.779,5.579,0.437,0.041,73.9
Armenia,2010,2.759,5.529,0.424,0.042,73.5
Australia,2015,3.496,12.379,0.578,0.847,82.8
Australia,2014,3.44,12.297,0.57,0.833,82.7
Australia,2013,3.371,12.311,0.56,0.825,82.5
Australia,2012,3.285,10.14,0.557,0.746,82.3
Australia,2011,3.287,10.102,0.535,0.675,82
Australia,2010,,,,0.868,81.9
Australia,2009,2.885,9.246,0.666,1.001,81.7
Australia,2006,2.672,10.78,1.438,0.744,81.2
Australia,2001,2.479,9.728,1.103,0.723,79.9
Austria,2015,5.15,8.304,0.574,0.714,81.5
Austria,2014,5.064,8.192,0.575,0.704,81.4
Austria,2013,4.984,8.022,0.572,0.697,81.1
Austria,2012,4.881,7.963,0.567,0.689,88
Austria,2011,4.824,7.905,0.563,0.677,88
Austria,2010,4.779,7.829,0.558,0.665,84
Azerbaijan,2014,3.402,6.871,0.27,0.197,72.5
Azerbaijan,2013,3.415,7.131,0.258,0.205,72.2
Azerbaijan,2012,3.454,7.317,0.263,0.178,71.9
Azerbaijan,2011,3.407,7.53,0.26,0.18,71.6
Azerbaijan,2010,3.636,7.991,0.271,0.201,71.1
Bahamas,2011,2.263,3.976,0.355,0.796,75
Bahamas,2008,2.717,3.99,0.33,0.459,74.5
Bahrain,2015,0.922,2.485,0.157,0.161,76.9
Bahrain,2014,0.939,2.445,0.249,0.161,76.8
Bahrain,2013,0.929,2.44,0.245,0.144,76.7
Bahrain,2012,0.933,2.418,0.247,0.154,76.5
Bahrain,2011,0.925,2.444,0.236,0.148,76.1
Bahrain,2010,0.934,2.42,0.233,0.155,76.1
Bahrain,2009,0.96,2.498,0.231,0.155,76
Bahrain,2008,0.989,2.56,0.245,0.167,75.8
Bahrain,2007,1.025,,,0.175,75.6
Bahrain,2006,1.033,2.769,0.269,0.183,75.5
Bahrain,2005,1.07,2.755,0.28,0.189,75.3
Bahrain,2004,0.994,,0.423,,75.2
Bahrain,2003,1.071,2.889,,0.183,75
Bahrain,2002,1.092,2.91,,0.185,74.9
Bahrain,2001,1.068,3.117,,0.194,74.7
Bahrain,2000,1.017,2.971,,0.19,74.5
Bangladesh,2015,0.472,0.267,0.04,0.557,71.8
Bangladesh,2014,0.475,0.249,0.04,0.524,71.4
Bangladesh,2012,0.389,0.213,0.045,0.417,77
Bangladesh,2011,0.374,0.198,0.046,0.402,73
Bangladesh,2010,0.354,0.186,0.041,0.385,69.9
Bangladesh,2009,0.345,0.173,0.037,0.377,69.5
Bangladesh,2008,0.333,0.164,0.033,0.317,69.1
Bangladesh,2007,0.32,0.158,0.022,,68.6
Bangladesh,2006,0.308,0.276,,,68.2
Bangladesh,2005,0.3,0.276,0.016,,67.8
Bangladesh,2004,0.273,,0.018,,67.3
Bangladesh,2003,0.264,0.268,,,66.8
Bangladesh,2002,,,0.014,0.056,66.3
Bangladesh,2001,0.243,,,,65.8
Barbados,2005,1.785,4.784,0.343,0.916,73.9
Barbados,2001,1.552,5.837,0.229,0.683,73.4
Barbados,2000,1.353,5.863,,,73.3
Belarus,2014,4.07,11.419,0.57,0.341,72
Belarus,2013,3.925,11.283,0.547,0.344,71.7
Belarus,2012,3.873,11.349,0.547,0.34,71.9
Belarus,2011,3.788,11.04,0.54,0.327,72
Belarus,2010,3.511,11.048,0.536,0.288,73
Belgium,2015,3.011,10.808,0.734,1.207,81.1
Belgium,2014,2.971,11.008,0.722,1.203,89
Belgium,2013,2.959,10.744,0.714,1.191,87
Belgium,2012,2.941,10.484,0.71,1.176,83
Belgium,2011,2.924,10.264,0.707,1.167,83
Belgium,2010,2.911,9.967,0.702,1.155,80
Belgium,2009,,14.116,0.704,,79.8
Belgium,2008,,,0.72,,79.5
Belgium,2007,,,0.732,,79.5
Belgium,2006,2.093,,0.74,,79.4
Belgium,2005,2.045,,0.732,,78.9
Belize,2009,0.768,1.816,0.038,0.357,69.5
Belize,2000,1.015,1.225,0.129,,68.3
Benin,2013,0.146,0.604,,,59.5
Benin,2012,0.159,0.659,,,59.3
Benin,2008,0.06,0.794,0.004,0.002,57.6
Benin,2004,0.039,0.731,0.002,0.001,56.1
Bhutan,2015,0.324,1.381,,0.019,69.8
Bhutan,2014,0.319,1.251,,0.018,69.4
Bhutan,2013,0.269,1.059,,0.012,69.1
Bhutan,2012,0.261,0.99,,0.015,68.7
Bhutan,2008,0.246,0.958,,0.128,67
Bhutan,2007,0.211,0.8,0.095,0.128,66.5
Bhutan,2004,0.186,0.812,0.091,0.123,64.2
Bolivia (Plurinational State of),2011,0.473,1.006,0.112,0.065,69.3
Bolivia (Plurinational State of),2010,0.444,0.843,0.098,0.057,68.7
Bolivia (Plurinational State of),2007,0.336,0.616,0.063,0.035,66.8
Bolivia (Plurinational State of),2001,1.216,2.129,0.706,0.55,63.3
Bosnia and Herzegovina,2014,,5.885,0.216,0.116,77.2
Bosnia and Herzegovina,2013,1.886,5.767,0.212,0.112,77
Bosnia and Herzegovina,2012,1.835,5.878,0.229,0.11,76.8
Bosnia and Herzegovina,2011,1.796,5.679,0.211,0.102,76.9
Bosnia and Herzegovina,2010,1.738,5.622,0.208,0.097,76.4
Botswana,2012,0.384,2.727,,,63.4
Botswana,2009,0.345,2.898,0.072,0.182,59.2
Botswana,2008,0.338,2.854,0.05,0.121,57.5
Botswana,2006,0.312,2.641,,,54.8
Botswana,2005,0.25,2.397,,,51.7
Botswana,2004,0.389,2.589,0.021,0.181,48.1
Botswana,2003,0.291,2.458,,,46.4
Botswana,2002,0.3,2.321,,,46
Botswana,2001,0.289,2.266,,,46.7
Botswana,2000,0.287,2.487,,,47.8
Brazil,2013,1.852,7.444,,,74.7
Brazil,2011,1.821,,,,74.1
Brazil,2010,1.787,7.282,1.22,0.719,73.8
Brazil,2009,1.791,,1.176,,73.6
Brazil,2008,1.755,6.386,1.166,0.534,73.4
Brazil,2007,1.707,6.452,1.14,0.54,73.3
Brazil,2006,1.678,3.727,1.139,0.546,73
Brazil,2005,1.645,3.734,1.103,0.529,72.7
Brazil,2004,1.569,3.686,0.957,,72
Brazil,2003,1.46,3.623,0.931,,71.8
Brazil,2002,1.406,3.349,0.901,,71.4
Brazil,2001,1.38,2.969,0.866,0.374,71
Brazil,2000,1.127,3.749,1.083,0.292,75
Brunei Darussalam,2015,1.746,6.512,0.432,0.168,77.7
Brunei Darussalam,2012,1.47,8.195,0.429,0.412,78.3
Brunei Darussalam,2011,1.522,7.856,0.238,0.12,77.4
Brunei Darussalam,2010,1.431,7.391,0.219,0.109,76.9
Brunei Darussalam,2009,1.15,5.079,0.186,0.109,76.8
Brunei Darussalam,2008,1.481,5.097,0.215,0.118,77.2
Brunei Darussalam,2007,1.05,5.114,0.216,0.112,76
Brunei Darussalam,2006,1.084,5.351,0.204,0.111,76.3
Brunei Darussalam,2005,1.078,5.543,0.202,0.113,76.2
Brunei Darussalam,2004,1.302,5.412,0.191,0.115,76.4
Brunei Darussalam,2002,1.165,6.174,0.204,0.087,74.8
Brunei Darussalam,2000,1.016,3.921,0.145,,74.4
Bulgaria,2014,3.999,5.318,0.98,,74.3
Bulgaria,2013,3.984,5.378,1.006,,74.1
Bulgaria,2012,3.916,5.291,0.924,,73.9
Bulgaria,2011,3.859,5.187,0.908,,73.7
Bulgaria,2010,3.775,5.168,0.863,,73.4
Bulgaria,2001,,,,0.129,71.6
Burkina Faso,2012,0.047,0.63,0.002,0.021,58.6
Burkina Faso,2011,0.038,0.456,,0.014,58.1
Burkina Faso,2010,0.046,0.553,0.002,0.022,57.5
Burkina Faso,2009,0.045,0.404,,0.011,56.9
Burkina Faso,2008,0.032,0.37,,0.005,56.1
Burkina Faso,2004,0.054,0.503,0.004,0.026,52.4
Burundi,2011,,,,0.018,57.4
Burundi,2004,0.026,0.176,0.002,0.01,52.6
Cabo Verde,2015,0.788,1.256,,,73.3
Cabo Verde,2013,0.607,1.171,,,72.8
Cabo Verde,2012,0.519,1.1,,,72.7
Cabo Verde,2011,0.59,1.097,0.006,0.01,72.6
Cabo Verde,2010,0.595,1.107,0.008,0.008,72.5
Cabo Verde,2009,0.516,1.019,0.006,0.008,72.4
Cabo Verde,2008,,,0.006,0.006,72.4
Cabo Verde,2007,,,0.006,0.006,72.3
Cabo Verde,2006,,,0.006,0.008,72.1
Cambodia,2014,0.143,0.951,0.025,0.04,68.3
Cambodia,2013,0.168,0.956,0.02,0.04,67.8
Cambodia,2012,0.165,0.92,0.019,0.038,67.4
Cambodia,2011,0.226,0.87,0.02,,67
Cambodia,2010,0.229,0.853,0.017,0.038,66.6
Cambodia,2009,0.237,0.851,0.017,0.039,66.1
Cambodia,2008,0.244,0.842,0.019,0.041,65.6
Cambodia,2004,,,,,61.5
Cambodia,2000,0.168,0.912,0.017,0.046,57.7
Cameroon,2010,0.083,0.52,0.003,0.002,55.3
Cameroon,2009,0.067,0.38,0.002,0.001,54.8
Cameroon,2007,0.069,0.431,0.002,0.002,53.6
Cameroon,2005,0.058,0.37,0.001,0.001,52.8
Cameroon,2004,0.177,1.474,,,52.1
Canada,2015,2.539,9.842,,0.98,82.2
Canada,2014,2.497,9.768,,0.909,82
Canada,2013,2.453,9.497,,0.925,81.8
Canada,2012,,9.356,,0.907,81.6
Canada,2011,,9.247,,,81.5
Canada,2010,2.041,9.335,,,81.2
Canada,2009,,10.388,,0.905,81
Canada,2008,1.961,10.302,1.253,0.87,87
Canada,2007,,10.132,,0.864,85
Canada,2006,1.911,10.034,1.175,0.83,85
Canada,2005,,9.956,,,81
Canada,2004,1.899,9.916,1.123,0.894,80
Canada,2003,,,,,79.7
Canada,2002,1.899,9.48,1.09,0.842,79.5
Canada,2001,1.889,10.022,1.071,0.827,79.4
Canada,2000,,,,,79.1
Central African Republic,2009,0.047,0.252,0.003,0.003,48.6
Central African Republic,2008,0.04,0.195,0.003,0.002,47.6
Central African Republic,2004,0.083,0.404,0.003,0.004,45.7
Chad,2013,0.044,0.309,,0.005,52.2
Chad,2012,0.042,0.28,,0.005,51.8
Chad,2006,0.035,0.181,,,48.5
Chad,2004,0.036,0.257,0.002,0.004,48.5
Chad,2000,0.028,0.125,,,47.6
Chile,2015,,,,,85
Chile,2014,,,,,83
Chile,2013,,,,,81
Chile,2012,,,,,79.9
Chile,2011,,,,,79.8
Chile,2010,,,,,79.1
Chile,2009,1.033,0.145,0.001,0.002,79.3
Chile,2008,1.043,0.147,0.001,0.002,79.6
Chile,2007,1.041,0.141,0.001,0.002,78.9
Chile,2006,1.045,0.143,0.001,0.002,78.9
Chile,2005,0.986,0.131,0.001,0.002,78.4
Chile,2004,0.991,0.131,0.001,0.002,78
Chile,2003,0.954,0.131,0.001,0.002,77.9
Chile,2002,0.9,0.115,0.001,0.002,77.8
China,2015,1.812,2.342,,0.306,76.1
China,2014,1.724,2.181,,0.297,75.8
China,2013,1.668,2.031,,0.289,75.6
China,2012,1.569,1.832,,0.277,75.4
China,2011,1.5,1.655,,0.268,75.2
China,2010,1.462,1.519,,0.262,75
China,2009,1.421,1.383,,0.255,74.9
China,2008,,1.258,,0.248,74.5
China,2007,,1.175,,0.245,74.4
China,2006,,1.081,,0.268,74.2
China,2005,,1.028,0.039,0.266,73.9
China,2004,,1.002,,0.272,73.5
China,2003,,0.975,,,73.1
China,2002,1.133,0.965,,0.277,72.7
China,2000,1.255,0.992,,0.324,71.7
Colombia,2014,1.821,1.08,,,74.6
Colombia,2013,1.766,1.026,,,74.4
Colombia,2012,1.713,0.973,,,74.3
Colombia,2011,1.669,0.911,,,74.2
Colombia,2010,1.568,0.066,0.977,,73.6
Colombia,2009,1.544,0.644,0.954,,73.6
Colombia,2008,1.521,0.632,0.931,,73.5
Colombia,2007,1.497,0.62,0.908,,73.5
Colombia,2006,1.474,0.609,0.886,,73.1
Colombia,2005,1.451,0.597,0.863,,73.1
Colombia,2004,,0.586,0.841,,72.8
Colombia,2003,,0.574,0.819,,72.4
Colombia,2002,1.413,0.576,0.817,,71.8
Colombia,2001,,0.551,0.774,,71.5
Colombia,2000,,,0.751,,71.4
Comoros,2004,0.19,0.974,0.048,0.068,59.8
Congo,2007,0.108,0.94,,0.017,58.2
Congo,2006,0.217,1.457,,0.031,56.9
Congo,2004,0.222,1.076,0.004,0.029,54.1
Cook Islands,2009,1.191,5.757,0.943,0.397,
Cook Islands,2004,1.049,4.195,0.524,0.105,
Cook Islands,2001,0.778,2.889,0.556,0.111,
Costa Rica,2013,1.15,0.796,0.127,0.189,79.4
Costa Rica,2011,,,,0.821,79
Costa Rica,2000,1.326,0.931,0.485,0.535,77.6
Côte d'Ivoire,2008,0.143,0.479,0.014,0.021,54
Côte d'Ivoire,2005,0.094,0.496,0.011,0.007,48.7
Côte d'Ivoire,2004,0.117,0.572,0.019,0.057,
Croatia,2015,,,0.852,0.66,78
Croatia,2014,3.126,6.512,0.782,0.711,77.8
Croatia,2013,3.021,6.937,0.755,0.698,77.7
Croatia,2012,2.979,6.409,0.752,0.701,77.1
Croatia,2011,2.903,6.294,0.735,0.691,77
Croatia,2010,2.851,6.152,0.732,0.66,76.6
Cuba,2014,7.519,7.976,1.848,0.269,79
Cuba,2013,7.366,7.777,1.734,0.258,78.7
Cuba,2012,7.235,8.123,1.694,0.331,78.7
Cuba,2011,6.943,,1.13,,78.8
Cuba,2010,6.766,9.11,1.074,0.412,78
Cuba,2009,6.628,,1.024,,78.1
Cuba,2008,6.603,,0.995,,77.9
Cuba,2007,6.418,8.667,0.965,0.625,78.1
Cuba,2006,6.34,,0.954,,78
Cuba,2005,6.269,,0.937,,77.2
Cuba,2004,6.202,,0.93,,77.3
Cuba,2003,6.065,,0.907,,77.4
Cuba,2002,5.997,7.5,0.89,,77.7
Cuba,2001,5.948,,0.886,,76.7
Cuba,2000,5.937,,0.892,,76.9
Cyprus,2014,2.496,4.117,0.727,0.163,83
Cyprus,2013,2.412,4.085,0.726,0.164,81
Cyprus,2012,2.308,,0.723,0.173,80
Cyprus,2011,2.265,,0.701,0.17,79.7
Cyprus,2010,2.174,,0.699,0.164,79.5
Cyprus,2009,2.121,3.49,0.694,,79.3
Cyprus,2008,2.059,3.445,0.735,0.195,79.1
Cyprus,2007,2.016,3.398,0.68,,78.9
Cyprus,2006,,,,,78.8
Cyprus,2002,,3.055,,0.147,78.4
Cyprus,2000,,,,,78.1
Czechia,2015,,8.417,0.803,0.661,78.8
Czechia,2014,,8.326,0.75,0.638,78.6
Czechia,2013,3.677,8.385,0.704,0.605,78.2
Czechia,2012,3.663,8.455,0.708,0.6,78
Czechia,2011,3.624,8.431,0.705,0.591,77.8
Czechia,2010,3.585,8.493,0.691,0.577,77.5
Democratic People's Republic of Korea,2014,3.507,,0.189,0.378,73
Democratic People's Republic of Korea,2012,3.451,,0.186,0.372,69.8
Democratic People's Republic of Korea,2008,3.297,4.156,0.178,0.356,68.6
Democratic People's Republic of Korea,2003,3.181,3.984,0.355,0.576,68.1
Democratic Republic of the Congo,2009,0.091,0.961,0.001,0.008,56.7
Denmark,2014,3.655,17.014,0.752,0.507,84
Denmark,2013,3.648,16.81,0.764,0.505,81
Denmark,2012,3.652,16.589,0.782,0.497,80
Denmark,2011,3.622,16.288,0.79,0.482,79.7
Denmark,2010,3.582,16.111,0.808,0.473,79.2
Denmark,2009,3.403,15.992,0.803,,78.9
Denmark,2008,3.395,15.475,0.84,,78.8
Denmark,2005,3.202,14.991,0.855,,78.1
Denmark,2004,3.045,14.513,0.855,,77.7
Denmark,2003,3.001,14.867,0.85,,77.3
Denmark,2001,3.66,17.199,0.903,,77
Denmark,2000,,,,,76.9
Djibouti,2014,0.229,0.557,0.022,0.24,63
Djibouti,2008,,,,0.329,62
Djibouti,2006,0.234,,,0.02,59.1
Djibouti,2005,0.18,0.578,,0.053,58.6
Djibouti,2004,0.168,0.386,0.013,0.023,58.1
Djibouti,2002,,0.738,,,
Dominica,2001,1.78,6.288,0.301,0.258,
Dominican Republic,2011,1.494,1.334,0.19,,73.1
Dominican Republic,2009,,1.299,0.183,,73.6
Dominican Republic,2008,1.078,,0.125,,73.3
Dominican Republic,2000,1.83,1.793,0.818,0.389,72
Ecuador,2011,1.665,2.084,0.276,0.053,75.3
Ecuador,2009,1.607,1.89,0.229,0.045,75.1
Ecuador,2003,1.506,1.533,0.167,0.037,74.4
Ecuador,2002,1.575,1.636,0.171,0.038,73.6
Ecuador,2001,1.551,1.591,0.165,0.038,73.4
Ecuador,2000,1.452,1.63,0.163,0.039,72.8
Egypt,2014,0.814,1.434,0.165,0.329,78
Egypt,2009,2.804,,,,69.9
Egypt,2007,2.604,,,,69.7
Egypt,2005,2.401,,,,69.4
Egypt,2004,,1.994,0.135,,69
Egypt,2003,0.533,,,,68.6
El Salvador,2008,1.922,0.488,0.778,0.386,71.7
El Salvador,2005,1.741,0.35,0.715,0.383,71
El Salvador,2002,1.351,0.869,0.59,,73
Equatorial Guinea,2004,0.252,0.447,0.025,0.2,54.1
Eritrea,2004,0.053,0.616,0.004,0.026,59.1
Estonia,2015,3.43,6.367,0.944,0.722,77.6
Estonia,2014,3.316,5.971,0.923,0.675,77.3
Estonia,2013,3.277,5.87,0.895,0.668,76.9
Estonia,2012,3.28,6.454,0.903,0.64,76.3
Estonia,2011,3.292,6.524,0.888,0.626,76.1
Estonia,2010,3.242,6.399,0.899,0.632,75.6
Estonia,2000,4.373,8.639,1.249,0.415,78
Eswatini,2009,0.147,1.386,0.05,0.043,
Eswatini,2004,0.156,6.237,0.029,0.064,
Eswatini,2003,0.147,,,,
Eswatini,2001,0.167,,,,
Eswatini,2000,,3.145,0.019,0.043,
Ethiopia,2009,0.025,0.252,,0.031,68
Ethiopia,2008,0.025,0.202,,0.041,59.8
Ethiopia,2007,0.022,0.224,,0.015,58.5
Ethiopia,2006,0.027,0.227,,0.025,57.2
Ethiopia,2005,0.032,0.246,,0.021,56
Ethiopia,2004,0.027,0.209,,0.018,55
Ethiopia,2003,0.027,0.215,0.001,0.011,54
Fiji,2015,0.837,2.938,0.27,0.106,69.9
Fiji,2009,0.437,2.297,0.201,0.089,68.9
Fiji,2008,0.4,2.116,,,68.7
Fiji,2003,0.465,2.033,0.073,0.11,68
Finland,2014,3.196,15.032,0.716,1.093,89
Finland,2013,3.139,14.809,0.712,1.153,87
Finland,2012,3.063,14.593,0.726,1.154,84
Finland,2011,2.982,14.474,0.777,1.111,83
Finland,2010,2.986,14.252,0.789,1.107,79.9
Finland,2009,2.881,23.756,0.752,,79.7
Finland,2002,3.162,15.075,1.283,1.121,78.1
France,2015,3.227,10.605,0.662,1.091,82.4
France,2014,3.215,,0.659,1.094,82.2
France,2013,3.187,,0.659,1.091,82
France,2012,3.175,,0.657,1.094,81.5
France,2011,3.16,,0.656,1.086,81.7
France,2010,,,,,81.3
France,2008,,7.943,0.665,1.158,89
France,2007,3.674,8.083,0.669,1.138,89
France,2006,,7.888,,,86
France,2005,,7.659,,,81
France,2004,,7.454,,,82
France,2003,,7.262,0.672,1.057,79.3
France,2002,,7.091,0.674,1.033,79.2
France,2001,,6.904,0.677,1.011,79
France,2000,,6.69,0.683,0.983,78.8
Gabon,2004,0.293,5.03,0.049,0.047,59.7
Gambia,2015,0.107,1.618,0.01,0.052,61.1
Gambia,2008,0.11,0.889,0.03,0.047,58.7
Gambia,2007,0.103,0.822,0.03,0.037,58.5
Gambia,2006,0.118,0.506,0.007,0.007,58.2
Gambia,2005,0.115,0.508,0.007,0.008,57.7
Gambia,2004,0.119,0.498,,0.011,57.3
Gambia,2003,0.116,1.393,0.032,0.036,57
Georgia,2014,4.776,3.971,0.533,0.076,74.5
Georgia,2013,4.477,3.898,0.494,0.084,74.5
Georgia,2012,4.406,3.808,0.485,0.074,74.2
Georgia,2011,4.377,3.986,0.415,0.08,73.9
Georgia,2010,4.289,4.024,0.296,0.083,73.8
Georgia,2009,4.794,3.239,,,73.2
Georgia,2008,4.663,3.315,,,73.9
Germany,2015,4.191,13.794,0.866,0.651,81
Germany,2014,4.125,13.578,0.857,0.645,89
Germany,2013,4.039,13.306,0.847,0.638,86
Germany,2012,3.944,12.873,0.842,0.627,86
Germany,2011,3.87,12.77,0.833,0.63,85
Germany,2010,3.775,12.606,0.826,0.629,81
Ghana,2010,0.096,0.926,,,69
Ghana,2009,0.086,1.053,,,66
Ghana,2008,0.112,0.988,0.006,0.072,63
Ghana,2007,0.074,,0.002,0.046,59.9
Ghana,2004,0.155,0.946,0.019,0.067,58.3
Greece,2015,,3.407,,,81
Greece,2014,6.255,3.44,1.25,1.053,88
Greece,2013,6.231,3.508,1.258,1.037,86
Greece,2012,6.23,3.561,1.279,1.008,84
Greece,2011,6.226,3.691,1.302,1.007,85
Greece,2010,6.197,3.666,1.312,0.998,83
Grenada,2011,,,,0.847,72.9
Grenada,2006,0.668,3.854,0.184,0.203,71.7
Grenada,2003,0.567,3.575,0.127,0.215,71.1
Grenada,2002,0.568,3.585,0.127,0.215,79
Grenada,2001,0.569,3.594,0.128,0.216,77
Grenada,2000,0.571,3.602,0.138,0.216,74
Guatemala,2009,0.897,0.864,,,76
Guatemala,2007,,,0.172,,75
Guinea,2005,0.097,,0.003,0.021,54.7
Guinea,2004,0.104,0.466,0.006,,54
Guinea,2000,0.087,0.432,0.004,0.023,52.5
Guinea-Bissau,2009,0.078,0.653,0.008,0.013,56.3
Guinea-Bissau,2008,0.05,0.61,0.004,0.024,55.6
Guinea-Bissau,2004,0.131,0.749,0.015,0.019,53.5
Guyana,2010,0.214,0.53,,,65.9
Guyana,2009,0.214,1.317,0.061,0.116,66.1
Guyana,2000,0.493,2.342,0.04,,65.4
Honduras,2005,0.39,1.133,,,72.5
Honduras,2000,0.589,1.366,0.22,0.148,71
Hungary,2015,3.093,6.633,0.602,0.714,75.8
Hungary,2014,3.316,6.568,0.627,0.768,75.6
Hungary,2013,3.199,6.576,0.601,0.758,75.5
Hungary,2012,3.077,6.473,0.563,0.571,75
Hungary,2011,2.953,6.373,0.524,0.575,74.8
Hungary,2010,2.864,6.374,0.525,0.581,74.5
Hungary,2009,3.507,,,,74.2
Hungary,2008,3.591,,,,74.1
Hungary,2007,3.2,,,,73.5
Hungary,2006,3.5,,,,73.4
Hungary,2005,3.225,,,,72.9
Hungary,2004,3.843,,,,72.9
Hungary,2003,3.771,,,,72.5
Hungary,2002,3.668,,,,72.5
Iceland,2015,3.791,16.352,0.844,1.123,82.7
Iceland,2014,3.645,16.158,0.837,1.109,82.5
Iceland,2013,3.59,16.187,0.836,1.106,82.4
Iceland,2012,3.531,15.828,0.835,1.107,82.5
Iceland,2011,3.483,15.594,0.882,1.184,82.1
Iceland,2010,3.591,15.328,0.94,1.148,81.8
Iceland,2009,3.713,16.291,0.98,1.613,81.6
Iceland,2008,3.735,16.05,1.029,1.619,81.4
Iceland,2007,3.69,15.081,1.025,1.071,81.3
Iceland,2006,3.633,14.647,1.014,1.037,81.1
Iceland,2005,3.606,14.753,1.058,1.008,81
Iceland,2004,3.603,14.409,0.979,0.979,88
Iceland,2003,3.613,14.368,0.994,0.963,87
Iceland,2002,3.587,14.027,1.004,0.952,84
Iceland,2001,3.485,13.956,1.003,0.856,80
Iceland,2000,3.442,13.99,,0.818,79.7
India,2014,0.725,,0.119,,68
India,2013,,2.049,,0.519,67.6
India,2012,0.699,,0.096,0.499,67.3
India,2011,0.739,1.703,0.094,0.527,66.8
India,2010,0.663,1.539,,0.533,66.4
India,2009,0.624,1.402,0.086,0.54,66
India,2008,0.615,1.38,0.078,,65.5
India,2007,0.6,1.333,0.062,,65.2
India,2006,0.587,,0.067,0.498,64.8
India,2005,0.577,1.294,0.048,,64.4
India,2004,0.573,1.263,0.049,,64
India,2003,0.564,1.248,0.043,0.505,63.7
India,2002,0.557,,0.043,,63.3
India,2001,0.538,1.185,0.044,,62.9
India,2000,0.527,1.169,0.037,,62.5
Indonesia,2015,,1.303,0.049,0.118,69.1
Indonesia,2012,0.201,1.365,0.097,,68.5
Indonesia,2010,0.14,1.062,0.076,0.049,68.1
Indonesia,2009,0.145,0.815,0.053,0.045,67.9
Indonesia,2003,0.134,0.817,0.032,0.034,66.9
Iran (Islamic Republic of),2014,1.491,1.551,0.356,0.227,75.4
Iran (Islamic Republic of),2005,0.882,1.398,0.188,0.198,72
Iran (Islamic Republic of),2004,0.877,1.389,0.189,0.204,71.8
Iraq,2014,0.854,1.81,0.224,0.244,67.9
Iraq,2010,0.639,,0.155,0.184,76
Ireland,2015,2.868,,0.603,1.107,81.4
Ireland,2014,2.777,,0.59,1.163,81.2
Ireland,2013,2.647,,0.567,1.123,81
Ireland,2012,2.667,,0.57,1.072,85
Ireland,2011,2.625,12.398,0.573,1.03,84
Ireland,2010,,,0.589,0.989,86
Israel,2015,3.576,5.072,0.823,0.773,82.5
Israel,2014,3.619,5.034,0.794,0.731,82.2
Israel,2013,3.539,5.014,0.691,0.75,82.1
Israel,2012,3.344,4.956,0.698,0.775,81.8
Israel,2011,3.345,4.932,0.776,0.767,81.8
Israel,2010,3.414,4.838,0.858,0.773,81.7
Italy,2015,3.898,5.79,0.796,1.17,82.7
Italy,2014,3.945,5.625,0.796,1.175,82.5
Italy,2013,3.93,5.371,0.787,1.146,82.3
Italy,2012,3.861,,,,82
Italy,2011,,,,,82
Jamaica,2015,0.429,1.499,0.057,0.067,76.2
Jamaica,2014,0.392,1.474,0.058,0.061,75.8
Jamaica,2013,0.482,1.479,0.058,0.064,75.6
Jamaica,2012,0.364,1.555,0.054,0.063,75.3
Jamaica,2008,0.406,1.078,0.09,0.063,74.5
Jamaica,2003,0.85,1.651,0.08,,73.1
Japan,2014,2.367,11.241,0.797,1.704,83.5
Japan,2012,2.297,10.797,0.784,1.618,83.3
Japan,2011,,11.753,,,82.5
Japan,2010,2.227,10.372,0.776,1.552,83
Japan,2008,2.252,10.395,0.781,2.103,82.7
Japan,2006,2.186,9.911,0.765,1.986,82.4
Japan,2004,2.133,9.55,0.751,1.904,82.1
Japan,2002,2.081,9.188,0.736,1.82,81.8
Japan,2000,2.035,8.78,0.723,1.73,81.1
Jordan,2015,3.426,3.114,0.896,1.59,74.1
Jordan,2014,2.65,4.094,0.928,1.647,74
Jordan,2013,2.591,4.055,0.943,1.613,73.9
Jordan,2012,,,,1.979,73.7
Jordan,2010,2.487,3.937,0.873,1.404,73.4
Jordan,2009,2.342,3.849,0.699,1.342,73.3
Jordan,2008,2.425,3.226,0.848,1.284,73.1
Jordan,2007,2.653,3.277,0.849,1.404,73
Jordan,2006,2.482,3.583,0.831,1.216,72.8
Jordan,2005,2.421,3.268,0.786,1.331,72.4
Jordan,2004,2.204,3.518,1.406,,72.5
Jordan,2003,2.454,3.21,0.689,1.256,72.3
Jordan,2002,2.372,3.038,0.482,1.208,72.1
Jordan,2001,2.191,3.281,0.592,1.028,71.9
Jordan,2000,2.008,3.265,0.605,0.908,71.7
Kazakhstan,2014,3.274,,0.37,0.815,69.9
Kazakhstan,2013,3.501,8.542,0.375,0.809,69.5
Kazakhstan,2012,3.489,8.607,0.411,0.805,69.1
Kazakhstan,2011,3.548,8.465,0.395,0.798,68.5
Kazakhstan,2010,3.506,8.284,0.408,0.691,67.8
Kenya,2014,0.204,1.582,0.024,0.052,62.9
Kenya,2013,0.199,1.482,0.024,0.05,62.6
Kenya,2012,0.19,1.452,0.023,0.049,62.1
Kenya,2011,0.182,1.452,0.022,,61.2
Kenya,2010,0.177,0.736,0.022,0.077,63
Kenya,2009,0.176,0.406,0.026,0.074,59.1
Kenya,2008,0.173,0.368,0.025,0.075,57.9
Kenya,2004,,0.469,,0.09,53
Kenya,2002,0.138,,0.041,,52.1
Kiribati,2013,0.203,4.616,0.249,0.138,65.8
Kiribati,2011,,3.937,0.029,0.038,65.5
Kiribati,2008,0.254,3.667,0.183,0.223,65.1
Kiribati,2006,,,,0.011,65
Kiribati,2004,,2.871,0.033,0.022,64.8
Kuwait,2015,2.608,7.048,0.665,,74.7
Kuwait,2014,2.608,6.317,0.647,0.483,74.6
Kuwait,2013,2.486,6.089,0.612,,74.5
Kuwait,2012,2.415,6.288,0.599,,74.3
Kuwait,2011,2.402,6.358,0.567,,74.2
Kuwait,2010,2.376,6.385,0.534,,74
Kuwait,2009,1.853,4.704,0.366,0.308,73.9
Kuwait,2008,1.846,4.591,0.355,0.297,73.8
Kuwait,2007,1.856,4.267,0.335,0.292,73.7
Kuwait,2006,1.445,4.126,0.311,0.3,73.6
Kuwait,2001,,4.622,0.338,0.363,73.2
Kyrgyzstan,2014,1.854,,0.165,0.041,78
Kyrgyzstan,2013,1.886,6.361,0.171,0.055,77
Kyrgyzstan,2012,1.894,6.309,0.172,0.05,69.9
Kyrgyzstan,2011,1.911,6.174,0.172,0.032,69.4
Kyrgyzstan,2010,1.881,5.976,0.187,0.031,68.8
Kyrgyzstan,2009,2.441,5.448,,,68.5
Kyrgyzstan,2008,2.464,5.475,,,67.6
Lao People's Democratic Republic,2014,0.491,0.959,0.051,0.191,65.3
Lao People's Democratic Republic,2013,0.447,0.916,0.044,,64.9
Lao People's Democratic Republic,2012,0.179,0.862,0.035,,64.4
Lao People's Democratic Republic,2009,0.197,0.865,0.053,,63.1
Lao People's Democratic Republic,2005,0.281,0.996,,,61
Lao People's Democratic Republic,2004,0.353,0.99,,,64
Lao People's Democratic Republic,2000,0.284,1.021,,,58.1
Latvia,2015,3.209,4.903,0.72,0.799,74.6
Latvia,2014,3.223,5.032,0.704,0.778,74.4
Latvia,2013,3.193,5.083,0.725,0.801,74.1
Latvia,2012,3.14,5.048,0.709,0.688,73.8
Latvia,2011,3.128,5.142,0.706,0.658,73.6
Latvia,2010,3.117,5.225,0.712,0.685,72.8
Latvia,2009,3.761,4.407,0.689,,72.6
Latvia,2008,3.935,4.847,0.687,,71.9
Latvia,2007,3.691,4.639,0.715,,78
Latvia,2006,3.793,4.585,0.71,,75
Latvia,2005,3.684,4.646,0.651,,76
Latvia,2004,3.583,4.58,0.616,,71
Latvia,2003,3.447,4.461,0.563,,78
Latvia,2002,3.419,4.338,0.547,,73
Latvia,2001,3.302,4.341,0.531,,69.9
Latvia,2000,3.43,4.413,0.539,,71
Lebanon,2014,2.38,2.562,1.003,1.356,74.8
Lebanon,2011,2.968,2.523,1.364,1.456,75
Lebanon,2010,2.671,2.027,1.244,1.27,74.9
Lebanon,2009,,1.982,1.187,1.089,74.7
Lebanon,2007,2.738,1.697,1.028,1.142,74.4
Lebanon,2006,2.899,,1,,74.1
Lebanon,2005,,1.184,,1.03,73.9
Lebanon,2004,,,,0.777,73.7
Lebanon,2001,3.424,1.237,1.275,1,73
Lesotho,2003,0.047,0.591,0.008,0.033,45.5
Liberia,2010,0.023,0.456,0.006,0.012,59.7
Liberia,2008,0.014,0.266,0.001,0.073,58.6
Liberia,2004,0.032,0.325,0.004,0.011,54
Libya,2014,2.092,6.905,0.732,0.628,72.4
Libya,2009,1.934,6.923,0.611,0.366,72.7
Libya,2008,1.823,5.47,0.334,0.365,72.6
Libya,2004,1.24,4.762,0.149,0.198,71.5
Lithuania,2015,4.379,8.05,0.919,,73.6
Lithuania,2014,4.33,7.951,0.915,,73.4
Lithuania,2013,4.268,7.837,0.904,,73
Lithuania,2012,4.178,7.819,0.89,,73
Lithuania,2011,4.041,7.723,0.81,,72.8
Lithuania,2010,3.915,7.596,0.786,,72.4
Lithuania,2003,,,,0.666,71.6
Luxembourg,2015,2.92,12.326,0.892,0.698,82
Luxembourg,2014,2.855,12.311,0.855,0.686,81.7
Luxembourg,2013,2.799,12.267,0.866,0.701,81.4
Luxembourg,2012,2.776,12.252,0.828,0.714,81.1
Luxembourg,2011,2.748,11.599,0.838,0.719,88
Luxembourg,2010,2.764,11.392,0.831,0.736,86
Madagascar,2012,0.143,0.218,0.008,,64.3
Madagascar,2011,0.144,0.219,0.008,,63.8
Madagascar,2010,0.196,0.224,0.009,,63.3
Madagascar,2009,0.182,0.244,0.009,,62.8
Madagascar,2008,0.187,0.282,0.01,,62.3
Madagascar,2007,0.182,0.295,0.01,,61.9
Madagascar,2006,0.171,0.303,0.01,,61.4
Madagascar,2005,0.181,0.351,0.011,,69
Madagascar,2004,0.157,0.286,0.009,,64
Madagascar,2003,0.148,0.304,0.009,,59.9
Madagascar,2002,0.136,0.313,0.007,,59.3
Malawi,2009,0.018,0.336,0.013,0.015,51.5
Malawi,2008,0.018,0.28,0.015,0.021,50
Malawi,2004,0.021,0.585,,,45.1
Malaysia,2015,1.533,4.124,0.504,0.522,75
Malaysia,2011,1.281,3.397,0.149,0.434,74.3
Malaysia,2010,1.173,3.208,0.355,0.394,74.1
Malaysia,2008,0.923,2.678,0.134,,73.8
Malaysia,2007,,,,0.171,73.7
Malaysia,2002,0.697,1.778,0.089,0.118,72.9
Malaysia,2000,0.689,1.658,0.092,0.1,72.4
Maldives,2015,3.611,8.222,0.17,1.075,78.5
Maldives,2014,2.154,6.536,0.112,,78.2
Maldives,2010,1.579,5.617,0.096,0.743,76.7
Maldives,2009,1.61,5.65,0.138,0.631,76.3
Maldives,2007,1.749,4.878,,0.903,75.4
Maldives,2004,1.007,2.954,0.047,0.804,73.4
Mali,2010,0.085,0.443,0.007,0.009,56.5
Mali,2009,0.076,0.44,0.008,0.008,56
Mali,2007,0.077,0.209,,0.016,55
Mali,2004,0.084,0.668,0.007,0.028,52.8
Malta,2015,3.908,9.141,0.492,1.333,81.7
Malta,2014,3.749,9.083,0.481,1.18,81.4
Malta,2013,3.518,7.986,0.473,1.125,81.1
Malta,2012,3.323,7.553,0.457,1.092,81
Malta,2011,3.185,7.525,0.449,0.809,87
Malta,2010,3.104,7.256,0.447,0.73,83
Marshall Islands,2012,0.456,3.551,0.494,0.133,
Marshall Islands,2007,0.595,3.606,0.249,0.115,
Mauritania,2009,0.127,0.658,0.027,0.035,61.7
Mauritania,2004,0.102,0.618,0.021,0.026,64
Mauritius,2015,2.003,3.347,0.298,0.39,74.6
Mauritius,2014,1.915,3.252,0.289,0.389,74.2
Mauritius,2013,1.619,3.136,0.278,0.364,74.1
Mauritius,2012,1.368,2.97,0.239,0.343,73.9
Mauritius,2011,1.246,2.929,0.214,0.326,73.6
Mauritius,2010,1.202,2.885,0.208,0.321,73.3
Mauritius,2009,1.187,2.816,0.201,0.311,72.8
Mauritius,2008,1.171,2.746,0.19,0.281,72.7
Mauritius,2007,1.156,2.676,0.185,0.265,72.9
Mauritius,2004,1.072,3.787,0.192,1.174,71.9
Mexico,2015,2.231,2.645,0.125,,76.7
Mexico,2014,2.118,2.572,0.123,,76.6
Mexico,2013,2.071,2.509,0.117,,76.6
Mexico,2012,2.029,2.449,0.112,,76.3
Mexico,2011,2.019,2.412,0.112,,76.1
Mexico,2010,1.922,2.32,0.111,,75.6
Mexico,2000,1.905,0.863,0.761,0.031,74.8
Micronesia (Federated States of),2009,0.192,3.607,,,68.5
Micronesia (Federated States of),2008,0.613,2.68,0.383,0.153,68.4
Micronesia (Federated States of),2005,0.584,2.345,0.122,0.151,67.9
Micronesia (Federated States of),2003,0.562,2.34,0.094,0.187,67.5
Micronesia (Federated States of),2000,0.596,3.882,0.13,,67
Monaco,2014,6.645,20.521,1.01,2.605,
Monaco,2013,6.661,18.998,1.013,,
Monaco,2012,6.791,18.102,0.989,2.567,
Monaco,2011,6.722,16.913,1.022,2.501,
Mongolia,2015,3.262,,,0.508,68.8
Mongolia,2014,3.196,4.068,,1.186,68.4
Mongolia,2013,3.117,3.835,,1.399,68.1
Mongolia,2012,3.061,3.804,,1.334,67.8
Mongolia,2011,2.879,3.676,0.236,0.465,67.3
Mongolia,2010,2.764,3.641,0.196,0.434,66.3
Mongolia,2009,2.675,3.628,0.198,0.408,66.9
Mongolia,2008,2.884,3.653,0.195,0.414,67.4
Mongolia,2002,2.755,3.612,0.138,0.447,63.8
Montenegro,2015,2.343,5.74,0.04,0.174,76.1
Montenegro,2014,2.188,5.847,0.04,0.17,75.9
Montenegro,2013,2.142,5.805,0.04,0.168,75.8
Montenegro,2012,2.031,5.333,0.04,0.149,75.6
Montenegro,2011,2.008,5.52,0.039,0.148,75.4
Montenegro,2010,2.039,5.695,0.042,0.146,75.3
Morocco,2014,0.618,0.872,0.137,,74.1
Morocco,2009,0.652,0.936,0.084,0.284,72.3
Morocco,2007,0.589,,,,71.4
Morocco,2004,0.531,0.808,0.103,0.245,72
Mozambique,2013,0.055,0.401,0.016,0.056,55.3
Mozambique,2012,0.053,0.392,0.016,0.057,54.8
Mozambique,2011,0.051,0.38,0.015,0.052,54.3
Mozambique,2010,0.047,0.391,0.018,0.05,54
Mozambique,2009,0.044,0.382,0.012,0.05,53.8
Mozambique,2006,0.025,0.286,,0.038,51.2
Mozambique,2004,0.025,0.301,0.008,0.03,54
Myanmar,2012,0.568,0.93,0.064,,65.9
Myanmar,2011,0.539,0.901,0.059,,65.6
Myanmar,2010,0.511,0.874,0.055,,65.4
Myanmar,2009,0.478,0.843,0.05,,65.2
Myanmar,2008,0.465,0.812,0.05,,59.2
Myanmar,2007,0.43,0.791,0.04,,64.5
Myanmar,2006,0.407,0.77,0.038,,64.2
Myanmar,2005,0.372,0.731,0.035,,63.9
Myanmar,2004,0.359,,0.028,0.003,63.5
Namibia,2007,0.372,2.76,0.043,0.18,60
Namibia,2004,0.299,3.068,0.056,0.144,54.7
Nauru,2011,1.394,6.972,0.598,0.996,
Nauru,2010,0.998,,,,
Nauru,2009,0.997,,0.299,0.698,
Nauru,2008,0.995,6.866,0.1,,
Nauru,2004,0.989,6.231,0.099,0.989,
Nepal,2014,0.598,2.041,,,69.6
Nepal,2013,0.545,1.811,,,69.3
Nepal,2012,0.506,1.568,,0.153,68.9
Nepal,2004,0.214,0.469,0.014,0.014,64.7
Netherlands,2015,3.478,,0.506,0.213,81.9
Netherlands,2014,3.424,10.542,0.51,0.215,81.7
Netherlands,2013,,,,0.212,81.4
Netherlands,2012,,,,0.206,81.1
Netherlands,2011,,,,0.208,81.1
Netherlands,2010,,,,0.199,88
New Zealand,2015,3.061,10.997,,0.679,81.6
New Zealand,2014,2.852,10.718,,0.665,81.5
New Zealand,2013,2.818,10.644,,0.657,81.3
New Zealand,2012,2.698,10.593,,0.645,81.1
New Zealand,2011,2.641,10.651,,0.64,86
New Zealand,2010,2.612,10.579,,0.629,89
New Zealand,2007,2.302,10.498,0.443,0.682,81
New Zealand,2002,2.067,,0.409,,78.7
New Zealand,2001,2.311,8.51,0.662,0.302,78.5
New Zealand,2000,,7.993,,,78.6
Nicaragua,2014,0.914,1.384,0.043,,74.5
Nicaragua,2013,0.916,1.386,0.044,,73.9
Nicaragua,2012,0.876,1.394,0.045,,73.9
Nicaragua,2011,0.827,1.388,0.045,,74.5
Nicaragua,2010,0.739,1.284,0.045,,73.2
Nicaragua,2009,0.713,1.321,0.047,,73.2
Nicaragua,2008,0.657,1.308,0.048,,72.5
Nicaragua,2007,0.533,1.197,0.044,,72.5
Nicaragua,2006,0.498,1.171,0.045,,73
Nicaragua,2005,0.505,1.17,0.046,,71.2
Nicaragua,2003,0.39,1.119,0.046,,76
Niger,2008,0.019,0.14,0.001,0.001,56
Niger,2004,0.023,0.217,0.001,0.002,52.9
Nigeria,2011,,,,0.104,52.3
Nigeria,2009,0.376,,0.016,,51.6
Nigeria,2008,0.374,1.489,0.025,0.124,59
Nigeria,2007,0.376,1.491,0.028,0.127,55
Nigeria,2006,0.346,1.495,0.016,0.087,49.8
Nigeria,2005,0.281,1.529,0.015,0.086,49.2
Nigeria,2004,,,,0.047,48.5
Nigeria,2003,0.263,1.586,0.019,,48.1
Niue,2008,1.84,9.816,2.454,0.613,
Niue,2006,2.41,9.036,1.807,0.602,
Niue,2004,2.326,12.791,1.163,0.581,
Niue,2003,2.273,9.659,1.136,0.568,
Norway,2015,4.385,17.824,0.851,0.741,81.8
Norway,2014,4.42,17.406,0.864,0.721,81.6
Norway,2013,4.303,17.198,0.872,0.69,81.5
Norway,2012,4.232,17.069,0.865,0.671,81.3
Norway,2011,4.187,16.934,0.884,0.645,81.1
Norway,2010,4.112,16.648,0.878,0.638,81
Norway,2009,4.053,31.123,0.868,,89
Oman,2012,1.99,4.408,0.227,1.003,76
Oman,2011,1.971,4.436,0.226,0.95,75.8
Oman,2010,1.991,4.37,0.222,0.946,75.6
Oman,2009,2.014,4.381,0.226,0.901,75.4
Oman,2008,1.958,4.235,0.21,0.838,75.2
Oman,2007,1.892,4.007,0.202,0.816,74.9
Oman,2006,1.793,3.766,0.194,0.718,74.7
Oman,2005,1.668,3.701,0.179,0.664,74.3
Oman,2004,1.581,4.203,0.222,0.634,74
Oman,2000,1.455,3.496,0.117,0.528,72.6
Pakistan,2015,0.978,0.502,0.088,,66.4
Pakistan,2011,0.877,0.447,0.067,,65.5
Pakistan,2010,0.852,0.59,0.062,,65.1
Pakistan,2009,0.838,0.574,0.059,,64.8
Pakistan,2008,0.821,0.557,0.055,,64.6
Pakistan,2007,0.8,,,,64.4
Pakistan,2005,0.824,,,,62.9
Pakistan,2004,0.774,0.478,0.052,0.054,63.7
Pakistan,2001,0.681,0.444,0.033,,63
Pakistan,2000,0.664,0.434,0.03,,62.8
Palau,2014,1.185,5.261,,,
Palau,2010,1.417,5.862,,,
Palau,2009,1.426,5.506,,,
Palau,2007,,,0.249,0.05,
Palau,2006,1.299,5.897,,,
Palau,2004,,6.061,,,
Panama,2013,1.594,,0.272,,77.5
Panama,2012,1.609,,0.329,,77.2
Panama,2011,1.508,2.33,0.303,,77.3
Panama,2010,1.414,2.492,0.301,,76.5
Panama,2009,1.317,,0.29,,76.8
Panama,2008,1.388,,0.283,,76.5
Panama,2007,1.309,,0.275,,76.4
Panama,2006,1.354,2.011,0.282,,76.2
Panama,2005,1.352,2.011,0.283,,75.8
Panama,2004,1.325,1.996,0.283,,75.8
Panama,2003,1.343,2.203,0.271,,75.5
Panama,2002,1.337,1.919,0.285,,75.7
Panama,2001,1.245,1.843,0.248,,75.5
Papua New Guinea,2012,,,,0.049,62.2
Papua New Guinea,2010,0.055,0.532,,,61.8
Papua New Guinea,2009,,,0.018,,61.6
Papua New Guinea,2008,0.051,0.435,,,61.4
Papua New Guinea,2000,0.051,0.529,0.017,,58.9
Paraguay,2012,1.286,1.049,0.165,,73.6
Paraguay,2002,1.154,1.863,0.578,0.339,71.5
Peru,2012,1.116,1.493,0.148,0.051,74.9
Peru,2009,0.94,1.299,0.123,0.063,73.8
Philippines,2015,,0.24,0.019,,68.5
Philippines,2011,,,,0.889,68
Philippines,2004,1.11,5.774,0.543,0.587,67.3
Philippines,2002,1.112,5.916,0.532,0.57,66.8
Philippines,2000,0.568,2.073,0.11,,66.8
Poland,2015,2.29,5.694,0.326,0.728,77.5
Poland,2014,2.271,5.737,0.339,0.718,77.3
Poland,2013,2.207,5.785,0.319,0.711,77.1
Poland,2012,2.202,,0.324,0.695,76.8
Poland,2011,2.182,5.793,0.338,0.681,76.7
Poland,2010,2.157,5.791,0.325,0.653,76.3
Portugal,2015,,,,0.842,81.1
Portugal,2014,4.426,6.377,0.877,0.805,89
Portugal,2013,4.26,,0.848,0.771,86
Portugal,2012,4.101,,0.805,0.736,83
Portugal,2011,3.983,,0.768,0.751,82
Portugal,2010,3.842,,0.766,0.725,79.6
Portugal,2009,3.786,5.628,0.624,1.071,79.3
Portugal,2008,3.681,5.361,0.57,1.014,79
Portugal,2007,3.593,5.126,0.534,0.959,78.7
Portugal,2006,3.511,4.845,0.539,0.96,78.5
Portugal,2005,3.448,4.595,0.482,0.906,77.7
Portugal,2004,3.372,4.384,0.451,0.869,78
Portugal,2003,3.311,4.215,0.423,0.83,77.3
Portugal,2002,3.257,4.034,0.399,0.768,77.2
Qatar,2014,1.964,5.7,0.572,0.931,78.1
Qatar,2010,3.919,6.012,,,77.3
Qatar,2009,3.222,4.773,,,77
Qatar,2008,3.319,6.068,,,76.8
Qatar,2006,2.34,6.257,0.492,1.068,76.6
Qatar,2005,2.569,5.831,0.824,1.314,76.6
Republic of Korea,2015,2.273,6.047,0.468,0.66,82.3
Republic of Korea,2014,2.231,5.67,0.458,0.652,82
Republic of Korea,2013,2.185,5.278,0.451,0.653,81.7
Republic of Korea,2012,2.099,4.906,0.441,0.656,81.2
Republic of Korea,2011,2.054,4.787,0.434,0.682,81.1
Republic of Korea,2010,2.002,4.682,0.426,0.655,87
Republic of Korea,2009,2.017,5.474,0.505,1.224,86
Republic of Korea,2008,1.96,5.265,0.493,1.203,83
Republic of Korea,2007,1.898,5.067,0.48,1.186,79.8
Republic of Korea,2006,1.842,4.851,0.465,1.166,79.4
Republic of Korea,2005,1.793,4.67,0.453,1.152,78.7
Republic of Korea,2004,1.733,4.451,1.393,1.13,78.2
Republic of Moldova,2015,3.198,4.508,0.437,,72.1
Republic of Moldova,2014,2.537,5.497,0.43,,71.8
Republic of Moldova,2013,2.561,5.671,0.43,0.467,71.7
Republic of Moldova,2012,2.469,5.794,0.41,,79
Republic of Moldova,2011,2.467,5.836,0.41,0.46,77
Republic of Moldova,2010,2.439,5.844,0.402,0.436,68.8
Romania,2013,2.669,6.415,0.72,0.82,74.6
Romania,2012,2.625,6.207,0.691,0.77,74.4
Romania,2011,2.543,6.066,0.663,0.72,74.3
Romania,2010,2.502,5.965,0.638,0.667,73.4
Romania,2002,1.972,,0.604,0.692,77
Russian Federation,2015,3.975,8.683,,,75
Russian Federation,2014,4.163,8.972,,,73
Russian Federation,2013,4.022,8.794,,,70
Russian Federation,2012,4.031,8.505,,,69.6
Russian Federation,2011,4.244,8.749,,,69.4
Russian Federation,2010,5,7.254,,,68.4
Russian Federation,2000,,,,,65
Rwanda,2015,0.064,0.832,0.011,0.01,66.1
Rwanda,2010,0.055,0.678,0.012,0.005,62.8
Rwanda,2009,0.055,0.662,0.015,0.005,61
Rwanda,2008,0.052,0.672,0.013,0.004,68
Rwanda,2004,0.049,0.413,,0.031,
Saint Kitts and Nevis,2001,1.06,6.361,0.325,,
Saint Lucia,2010,,,0.158,,74.2
Saint Lucia,2009,0.103,,0.029,,74.3
Saint Lucia,2008,0.156,,0.012,,74.1
Saint Lucia,2007,0.182,,0.018,,73.9
Saint Lucia,2005,0.502,1.971,,,73.1
Saint Lucia,2004,0.416,2.294,0.043,,72.6
Saint Lucia,2003,0.464,3.06,0.043,,72.2
Saint Lucia,2002,0.437,,0.044,,72
Saint Lucia,2001,0.819,2.338,0.17,0.145,71.8
Saint Vincent and the Grenadines,2001,0.574,4.408,0.194,0.213,79
Saint Vincent and the Grenadines,2000,0.825,4.143,0.046,,79
Samoa,2010,0.344,1.537,0.242,,72.6
Samoa,2008,0.463,1.897,0.343,0.322,72.5
Samoa,2005,0.278,,,0.017,71.6
Samoa,2003,0.281,1.745,0.056,0.113,79
San Marino,2014,6.363,9.085,0.696,0.696,
San Marino,2013,5.225,9.493,,0.733,
San Marino,2012,5.261,9.56,,0.738,
San Marino,2011,5.01,8.985,,0.743,
Sao Tome and Principe,2004,0.541,2.057,0.073,0.16,63.8
Saudi Arabia,2014,2.568,5.207,0.398,0.701,74.4
Saudi Arabia,2012,2.425,4.736,,0.529,74.3
Saudi Arabia,2011,2.416,4.677,,0.532,74.1
Saudi Arabia,2010,2.35,4.62,,0.531,73.9
Saudi Arabia,2009,2.017,4.045,,0.545,73.7
Saudi Arabia,2008,1.997,3.788,,0.593,73.4
Saudi Arabia,2001,0.657,,0.072,,73.3
Saudi Arabia,2000,0.699,1.706,,,72.6
Senegal,2008,0.061,0.43,0.009,0.01,62.8
Senegal,2004,0.054,0.3,0.009,0.008,59.7
Serbia,2015,,4.719,0.306,0.497,75.6
Serbia,2014,2.463,5.333,0.26,0.264,75.4
Serbia,2013,2.489,5.376,0.268,0.267,75.3
Serbia,2012,2.484,5.357,0.274,0.265,74.9
Serbia,2011,2.484,5.382,0.283,0.261,74.6
Serbia,2010,2.463,5.305,0.279,0.248,74.4
Serbia,2009,2.292,,0.25,0.224,74.1
Seychelles,2012,0.984,4.433,0.148,0.042,72.7
Seychelles,2011,1.141,,0.192,0.053,72.6
Seychelles,2010,1.074,4.426,0.204,0.043,72.4
Seychelles,2009,1.115,,0.173,0.043,72.3
Seychelles,2008,0.764,4.442,0.131,0.044,72.2
Seychelles,2007,1.002,4.524,0.176,0.044,72.2
Seychelles,2006,0.834,4.605,0.167,0.044,72.2
Seychelles,2005,1.172,4.394,0.113,0.079,72.2
Seychelles,2004,1.385,7.257,1.076,0.698,72.1
Sierra Leone,2010,0.024,0.319,0.001,0.02,48.1
Sierra Leone,2008,0.017,0.179,0.004,0.035,46.2
Sierra Leone,2004,0.034,0.515,0.001,0.07,42.3
Singapore,2013,1.913,5.649,0.398,0.404,82.5
Singapore,2012,1.82,5.55,0.356,0.374,82.2
Singapore,2011,1.747,5.194,0.342,0.388,82
Singapore,2010,1.736,5.777,0.297,0.357,81.7
Singapore,2009,1.676,5.396,0.295,0.334,81.4
Singapore,2008,1.617,4.992,0.292,0.319,81.1
Singapore,2007,1.56,4.719,0.286,0.313,87
Singapore,2006,1.502,4.535,0.287,0.308,82
Singapore,2005,1.501,4.486,0.284,0.296,79.7
Singapore,2004,1.484,4.418,0.28,0.294,79.3
Singapore,2003,1.5,,0.28,0.301,79
Singapore,2001,1.428,4.324,0.27,0.284,78.7
Slovakia,2015,3.45,6.02,0.488,1.107,76.7
Slovakia,2014,,6.409,,,76.4
Slovakia,2013,3.387,6.071,0.697,0.996,76.1
Slovakia,2012,,6.464,,,75.8
Slovakia,2011,,6.6,,,75.6
Slovakia,2010,,6.749,,,75.1
Slovakia,2009,3.295,6.382,0.487,0.54,75
Slovenia,2015,2.82,8.84,0.673,0.626,88
Slovenia,2014,2.765,8.611,0.661,0.602,87
Slovenia,2013,2.623,8.358,0.648,0.576,85
Slovenia,2012,2.534,8.197,0.628,0.562,82
Slovenia,2011,2.487,8.36,0.622,0.549,79.8
Slovenia,2010,2.426,8.22,0.613,0.537,79.5
Solomon Islands,2013,0.191,1.78,0.103,0.134,68.8
Solomon Islands,2012,0.157,1.759,0.104,0.111,68.7
Solomon Islands,2009,,2.098,,,68.1
Solomon Islands,2008,0.177,,,,68
Solomon Islands,2005,0.19,1.479,0.111,0.113,67.4
Solomon Islands,2003,0.134,1.411,,,66.8
Somalia,2014,0.029,0.078,,,54.3
Somalia,2006,0.035,0.111,,,51.5
Somalia,2005,,,,,51.6
South Africa,2015,0.767,6.363,0.198,0.629,62.9
South Africa,2014,0.756,6.247,0.195,0.602,62
South Africa,2013,0.742,6.075,0.195,,69
South Africa,2012,0.725,5.841,0.183,0.397,59.2
South Africa,2011,0.715,5.633,0.176,0.357,58.9
South Africa,2010,0.728,5.483,0.171,,58
South Africa,2009,,4.35,,,56.5
South Africa,2008,,4.227,,,55.3
South Africa,2007,,4.104,,,54.5
South Africa,2006,,4.016,,,54
South Africa,2005,,3.956,,,53.8
South Africa,2004,0.731,3.87,0.126,0.263,53.7
South Africa,2003,,3.784,,,54
South Africa,2002,,3.736,,,54.9
South Africa,2001,,3.781,,,56
South Africa,2000,,3.823,,,57.3
Spain,2015,3.872,5.324,,1.201,82.8
Spain,2014,3.819,5.174,0.72,1.18,82.6
Spain,2013,3.824,5.161,0.698,1.122,82.4
Spain,2012,3.835,5.26,0.669,1.055,82
Spain,2011,3.838,5.223,0.622,0.937,82.1
Spain,2010,3.756,5.147,0.597,0.923,81.9
Spain,2009,4.731,5.518,0.577,1.369,81.6
Spain,2008,4.67,5.457,0.561,1.364,81.3
Spain,2007,4.603,5.375,0.542,1.366,89
Spain,2006,4.56,5.322,0.523,1.369,88
Spain,2005,4.541,5.267,0.505,1.357,81
Spain,2004,4.51,5.224,0.488,1.345,81
Spain,2003,4.489,5.198,0.471,1.33,79.4
Spain,2002,4.446,5.103,0.461,1.308,79.5
Spain,2001,4.376,5.058,0.449,1.277,79.4
Spain,2000,4.393,5.018,0.43,1.246,79.1
Sri Lanka,2015,0.881,2.794,0.067,0.073,74.9
Sri Lanka,2010,0.726,1.751,0.052,,74.5
Sri Lanka,2009,0.684,1.559,0.043,,71.8
Sri Lanka,2008,0.626,1.507,0.066,,72.3
Sri Lanka,2007,0.556,2.053,0.088,0.045,73.7
Sri Lanka,2006,0.523,1.674,0.06,,73.8
Sri Lanka,2005,0.522,1.409,0.049,,74.2
Sri Lanka,2004,0.541,1.715,0.064,0.047,69.1
Sri Lanka,2002,,1.062,0.039,,73.7
Sri Lanka,2001,0.443,0.835,,,72.7
Sri Lanka,2000,0.424,1.191,0.034,,71.5
Sudan,2014,,1.157,,,63.8
Sudan,2008,0.314,0.941,0.022,0.011,61.8
Sudan,2007,0.337,0.966,0.022,0.011,61.4
Sudan,2006,0.338,1.017,0.029,0.047,61
Sudan,2004,0.242,1.01,0.035,0.114,59.7
Suriname,2004,0.817,5.273,0.086,,68.3
Suriname,2000,0.397,1.431,0.008,,67.4
Sweden,2014,4.188,11.876,0.801,0.759,82.3
Sweden,2013,4.119,11.88,0.803,0.755,81.9
Sweden,2012,4.038,11.864,0.808,0.767,81.7
Sweden,2011,3.963,11.84,0.806,0.769,81.7
Sweden,2010,3.893,11.831,0.8,0.76,81.5
Sweden,2007,3.244,10.977,0.824,,
Switzerland,2015,4.189,18.23,0.506,0.542,83.4
Switzerland,2014,4.114,17.813,0.509,0.544,83.2
Switzerland,2013,4.025,17.607,0.518,0.539,83
Switzerland,2012,3.903,17.219,0.521,0.542,82.7
Switzerland,2011,3.826,16.869,0.52,0.531,82.6
Switzerland,2010,3.806,16.303,0.525,0.54,82.3
Syrian Arab Republic,2014,1.546,2.302,0.883,1.476,64.4
Syrian Arab Republic,2010,1.505,1.933,0.771,0.799,73.7
Syrian Arab Republic,2009,1.455,1.9,0.768,0.834,73.8
Syrian Arab Republic,2008,1.528,1.894,0.805,0.825,73.8
Syrian Arab Republic,2007,1.523,1.934,0.761,0.669,73.8
Syrian Arab Republic,2005,1.558,1.908,0.867,0.729,73.5
Syrian Arab Republic,2004,1.465,1.93,0.866,0.72,73.2
Syrian Arab Republic,2003,1.414,1.862,0.862,0.625,73
Syrian Arab Republic,2002,1.475,1.971,0.86,0.592,72.8
Syrian Arab Republic,2000,1.37,1.961,0.682,0.542,72.6
Tajikistan,2014,1.714,5.275,0.155,,69.6
Tajikistan,2013,1.698,4.978,0.16,,69.3
Tajikistan,2012,1.715,4.916,0.153,,68.8
Tajikistan,2011,1.708,4.564,0.158,,68.1
Tajikistan,2010,1.685,4.453,0.163,,67.3
Tajikistan,2008,1.917,,,,66.4
Tajikistan,2007,1.886,,,,66.1
Tajikistan,2006,1.909,,,,65.9
Tajikistan,2005,1.95,,,,65.5
Tajikistan,2004,1.95,,,,65.9
Tajikistan,2003,1.942,,,0.104,65.2
Tajikistan,2002,2.047,,,,64.3
Tajikistan,2001,2.134,,,,64
Tajikistan,2000,2.182,,,,63.7
Thailand,2015,0.47,2.294,,0.18,74.9
Thailand,2010,0.394,2.08,0.258,0.13,73.9
Thailand,2009,0.34,1.65,0.213,0.126,73.7
Thailand,2008,0.317,1.586,0.198,0.129,73.5
Thailand,2007,0.295,1.524,0.19,0.12,73.3
Thailand,2006,0.286,1.536,0.189,0.12,73
Thailand,2004,0.289,1.479,0.063,0.113,71.6
Thailand,2002,0.296,1.32,0.07,0.115,71.4
Thailand,2001,0.299,1.231,0.068,0.108,71.2
The former Yugoslav republic of Macedonia,2015,2.875,3.793,0.878,0.495,75.7
The former Yugoslav republic of Macedonia,2013,2.8,4.762,0.823,0.449,75.3
The former Yugoslav republic of Macedonia,2012,2.781,4.735,0.798,0.429,75.1
The former Yugoslav republic of Macedonia,2011,2.734,4.785,0.785,0.379,74.9
The former Yugoslav republic of Macedonia,2010,2.687,4.8,0.775,0.336,74.7
The former Yugoslav republic of Macedonia,2009,2.605,,0.692,,74.4
Timor-Leste,2015,,1.304,0.015,0.143,68.3
Timor-Leste,2014,,1.226,0.016,0.118,68
Timor-Leste,2011,0.078,1.191,0.043,0.122,67.2
Timor-Leste,2010,0.079,1.187,0.042,0.123,66.9
Timor-Leste,2009,0.044,1.167,0.038,0.059,66.6
Timor-Leste,2008,0.037,1.07,0.03,0.047,66.2
Timor-Leste,2007,0.034,1.035,0.027,0.024,65.8
Timor-Leste,2004,0.082,1.865,0.047,0.015,62.3
Timor-Leste,2001,,,0.012,,59.4
Togo,2008,0.058,0.3,0.003,0.002,56.2
Togo,2007,0.049,0.42,0.003,0.002,55.9
Togo,2004,0.045,0.357,0.004,0.025,54.9
Tonga,2013,,3.881,0.371,0.257,73.2
Tonga,2012,,,,0.086,73
Tonga,2010,0.558,3.848,,,72.8
Tonga,2009,0.599,3.655,0.358,0.145,72.5
Tonga,2008,0.554,3.54,,,72.6
Tonga,2003,,,0.231,,72
Tonga,2002,0.303,3.535,,,71.9
Tonga,2001,0.356,3.464,0.335,0.173,71.8
Trinidad and Tobago,2011,1.821,3.281,0.257,0.487,76
Trinidad and Tobago,2010,1.809,2.94,0.258,0.483,74
Trinidad and Tobago,2009,1.507,3.47,0.236,0.481,71
Trinidad and Tobago,2007,1.179,3.572,0.225,0.49,69.7
Trinidad and Tobago,2006,1.222,3.552,0.218,0.434,69.6
Trinidad and Tobago,2003,0.808,3.1,0.194,0.409,69.3
Trinidad and Tobago,2002,0.825,2.986,0.172,0.392,69.2
Trinidad and Tobago,2001,0.97,2.776,0.171,0.398,69.1
Trinidad and Tobago,2000,1.006,2.598,0.156,0.434,69.1
Tunisia,2015,1.289,2.653,,,75.3
Tunisia,2014,1.269,2.444,,,75.1
Tunisia,2010,1.222,2.24,0.294,0.304,74.8
Tunisia,2009,,2.154,,,74.7
Tunisia,2008,1.108,2.177,,,74.7
Tunisia,2007,1.025,,,,74.6
Tunisia,2006,,,0.182,0.221,74.4
Tunisia,2005,0.933,,0.183,0.209,74.2
Tunisia,2004,1.331,2.849,0.245,0.29,74
Tunisia,2003,0.824,2.08,,,73.7
Tunisia,2002,0.807,,0.141,0.208,73.5
Tunisia,2001,0.794,,0.141,0.204,73.2
Tunisia,2000,0.767,,0.136,0.201,72.9
Turkey,2015,,2.617,0.316,0.35,75.8
Turkey,2014,1.749,3.2,0.297,0.351,75.5
Turkey,2013,1.755,3.233,0.292,0.354,75.2
Turkey,2012,1.734,3.231,0.286,0.355,74.8
Turkey,2011,1.714,3.112,0.287,0.355,74.5
Turkey,2010,1.707,2.98,0.296,0.367,74.2
Turkey,2009,1.665,2.169,0.289,0.354,73.9
Turkey,2008,1.609,2.098,0.284,0.352,73.5
Turkey,2007,1.559,2.04,0.277,0.345,73.2
Turkey,2006,1.521,1.85,0.267,0.337,72.8
Turkey,2005,1.486,1.794,0.267,0.335,72.4
Turkey,2004,1.45,1.777,0.267,0.338,72
Turkey,2003,1.43,1.758,0.269,0.339,71.6
Turkey,2002,1.412,1.748,0.251,0.342,71.2
Turkey,2001,1.399,1.781,0.25,0.345,78
Turkey,2000,1.348,1.757,0.252,0.347,74
Turkmenistan,2014,2.291,4.769,0.119,0.174,66
Turkmenistan,2013,2.266,4.761,0.116,0.173,65.4
Turkmenistan,2012,2.279,4.782,0.119,0.172,65.6
Turkmenistan,2011,2.314,4.78,0.118,0.174,65.6
Turkmenistan,2010,2.295,4.759,0.116,0.184,65.8
Turkmenistan,2002,4.355,9.426,0.19,0.353,63.3
Tuvalu,2009,1.223,,,,
Tuvalu,2008,1.021,6.537,0.409,0.204,
Tuvalu,2003,1.043,5.214,0.209,0.209,
Tuvalu,2002,0.63,4.092,0.21,0.105,
Uganda,2015,0.093,0.648,0.007,0.001,62.3
Uganda,2012,,,,0.034,60
Uganda,2005,0.12,1.342,0.016,0.027,53.2
Uganda,2004,0.081,0.7,0.013,0.025,51.3
Ukraine,2014,3,7.039,0.599,0.034,78
Ukraine,2013,3.506,7.995,0.685,0.041,71
Ukraine,2012,3.501,7.971,0.677,0.04,77
Ukraine,2011,3.495,7.929,0.665,0.039,75
Ukraine,2010,3.494,7.936,0.66,0.04,69.8
United Arab Emirates,2014,1.558,3.061,0.31,0.368,76.9
United Arab Emirates,2011,,2.855,,,76.3
United Arab Emirates,2010,1.531,2.925,,,76.2
United Arab Emirates,2009,1.558,2.86,,,76
United Arab Emirates,2008,1.929,3.497,,,75.8
United Arab Emirates,2007,1.533,2.884,0.342,0.469,75.6
United Arab Emirates,2006,,3.14,,,75.4
United Arab Emirates,2005,1.55,3.312,,,75.3
United Arab Emirates,2004,,3.612,0.344,0.505,75.1
United Arab Emirates,2003,,3.877,,,74.9
United Arab Emirates,2002,,3.787,0.25,0.354,74.7
United Arab Emirates,2001,1.81,,0.296,0.337,74.5
United Arab Emirates,2000,,3.24,,,74.2
United Kingdom of Great Britain and Northern Ireland,2015,2.807,8.437,0.535,0.84,81.2
United Kingdom of Great Britain and Northern Ireland,2014,2.806,8.727,0.538,0.828,81
United Kingdom of Great Britain and Northern Ireland,2013,2.778,8.696,0.532,0.802,87
United Kingdom of Great Britain and Northern Ireland,2012,2.757,8.719,0.529,0.782,86
United Kingdom of Great Britain and Northern Ireland,2011,2.745,8.869,0.529,0.761,86
United Kingdom of Great Britain and Northern Ireland,2010,2.697,10.051,0.517,0.648,82
United Republic of Tanzania,2014,0.022,0.416,0.02,0.035,67
United Republic of Tanzania,2012,0.03,0.428,0.01,0.013,58.6
United Republic of Tanzania,2006,,0.234,0.006,,53.1
United Republic of Tanzania,2002,0.023,0.371,0.007,0.01,52
United States of America,2015,,,,,79.3
United States of America,2014,2.568,,,,79.1
United States of America,2013,2.554,,,,78.9
United States of America,2012,2.492,,,,78.8
United States of America,2011,2.458,,,,78.7
United States of America,2010,2.429,,,0.887,78.7
United States of America,2005,,9.884,,,77.5
United States of America,2004,2.704,,,,77.5
United States of America,2000,2.583,9.437,1.639,0.882,76.8
Uruguay,2008,3.938,5.848,0.739,0.309,76.4
Uruguay,2002,3.721,0.865,1.183,,75.4
Uzbekistan,2014,2.451,12.496,0.153,0.042,69.2
Uzbekistan,2013,2.479,12.561,0.164,0.039,69.1
Uzbekistan,2012,2.518,12.623,0.165,0.039,68.8
Uzbekistan,2011,2.576,12.67,0.173,0.038,68.5
Uzbekistan,2010,2.614,12.61,0.169,0.039,68.3
Vanuatu,2012,0.186,2.218,0.069,0.117,71.4
Vanuatu,2008,0.115,1.686,0.013,0.009,75
Vanuatu,2007,0.118,1.564,,,73
Vanuatu,2004,0.147,1.763,,,69.6
Venezuela (Bolivarian Republic of),2001,1.925,1.123,0.549,,72.5
Viet Nam,2015,0.79,1.411,,0.356,76
Viet Nam,2014,0.777,1.419,,0.356,75.9
Viet Nam,2012,0.816,1.444,,0.533,75.6
Viet Nam,2010,0.695,1.235,,0.347,75.2
Viet Nam,2009,0.695,1.104,,0.34,75
Viet Nam,2008,0.662,1.017,,0.328,74.9
Viet Nam,2007,0.639,0.946,,0.31,74.7
Viet Nam,2006,0.621,0.876,,0.284,74.6
Viet Nam,2005,0.611,0.827,,0.276,74.4
Viet Nam,2002,0.549,0.755,,0.294,73.8
Viet Nam,2001,0.522,0.73,,0.074,73.6
Yemen,2014,0.311,0.757,0.021,0.104,65.4
Yemen,2010,,0.703,0.038,0.097,64.4
Yemen,2009,0.31,,,,64.1
Yemen,2008,0.31,,,,63.8
Yemen,2004,0.338,0.69,0.043,0.132,62.2
Zambia,2012,0.162,,0.027,0.083,59.2
Zambia,2011,0.161,,0.026,0.075,58.2
Zambia,2010,0.06,0.714,0.018,0.023,58
Zambia,2009,0.059,0.703,0.018,0.023,57.4
Zambia,2008,0.061,0.693,,,55.7
Zambia,2006,0.052,0.676,,,58
Zambia,2005,0.054,0.695,,,49.3
Zambia,2004,0.128,,0.042,,47.9
Zimbabwe,2014,0.077,1.167,0.016,0.026,59.2
Zimbabwe,2013,0.075,1.257,0.016,0.026,58
Zimbabwe,2012,0.073,1.067,0.016,0.026,56.6
Zimbabwe,2011,0.074,1.194,0.018,,54.9
Zimbabwe,2010,0.066,1.219,0.017,,52.4
Zimbabwe,2009,0.06,1.215,0.013,0.184,50
Zimbabwe,2008,0.055,,0.013,,48.2
Zimbabwe,2007,0.05,,0.014,,46.6
Zimbabwe,2004,0.162,,,0.069,44.3